{
  "_format": "hh-sol-cache-2",
  "files": {
    "D:\\nishant\\GitHub\\bc\\TechDuo\\tor-rent\\contracts\\RentalContract.sol": {
      "lastModificationDate": 1739045287426,
      "contentHash": "5bdc26b71db87a8ae372f6d56f13acc3",
      "sourceName": "contracts/RentalContract.sol",
      "solcConfig": {
        "version": "0.8.19",
        "settings": {
          "optimizer": {
            "enabled": false,
            "runs": 200
          },
          "outputSelection": {
            "*": {
              "*": [
                "abi",
                "evm.bytecode",
                "evm.deployedBytecode",
                "evm.methodIdentifiers",
                "metadata"
              ],
              "": [
                "ast"
              ]
            }
          }
        }
      },
      "imports": [],
      "versionPragmas": [
        "^0.8.19"
      ],
      "artifacts": [
        "RentalContract"
      ]
    }
  }
}
